Motif	G	A	R	N	D	C	E	Q	H	I	L	K	M	F	P	S	T	W	Y	V
x	2.793934528125326	5.25334478732169	4.916628189872591	5.079464237653513	4.231235771908482	5.398435658544545		5.295404687912409	4.9928862083991215	4.701371767369639	5.098543313341526	5.371069986700773	5.223800941437609	5.37056593429172		4.923326794360587	4.213750008986013		5.073289279647234	3.8085916904640267
x	4.763918558591312	5.397852072942644	4.885048140572674	5.397777178770022		4.560697313006917	5.39614357857919	5.3828103519460715	4.3698692148316045	3.629886785992725	4.9706982183589075	4.680265085789134	4.378145533019912	5.224345505918562	4.096690348134591	4.001664361517793		5.327979767589493		
x	5.399521545301185	5.059010796522503		5.295505016575302	5.3517662943635855	4.720826022645695		4.399639248553277	4.595132088310409	4.923340444880682	5.302314146784128	5.399804959042857		5.345973705703335		4.421141406419601			4.922762947911026	5.174443418734512
ST		5.157791960857785	2.6430909152631523	5.391820042293121		5.2940285823626105				5.396234683818082		4.605900450564307	5.399334157805836	5.214220795970343	2.4161338138663653	1.8842683131772133	5.400465157800219			
x	4.700675784222256	4.904522042885801	5.342892494042859	3.9167580529903603	3.713408973704301	3.432982285979455		3.3415091349722337	4.515266154298593		4.856303985681688	4.554863810430707	4.807622138905911			3.719551846449282	4.89425484884852	4.400358148373115	5.399480138779476	5.114853718438281
VIL								5.385742046588532		5.379163598304447	4.943880350083253		4.433866576167631	5.217496202348652	5.30245638711906	4.494081187083401	4.963219846414611			4.803389295611427
