Motif,G,A,R,N,D,C,E,Q,H,I,L,K,M,F,P,S,T,W,Y,V
x,0.7769230769230769,0.6000000000000001,0.7615384615384614,0.7538461538461537,0.7230769230769231,0.6692307692307693,0.44615384615384623,0.48461538461538467,1.553846153846154,0.43846153846153846,0.2076923076923077,0.5153846153846154,-0.25384615384615383,1.376923076923077,1.1615384615384614,0.823076923076923,0.7307692307692307,1.453846153846154,1.8230769230769233,0.7923076923076924
x,1.0153846153846156,0.5461538461538461,0.3538461538461538,0.5153846153846153,0.22307692307692306,0.5692307692307692,0.2307692307692308,0.3384615384615385,0.823076923076923,0.423076923076923,0.13076923076923078,0.3538461538461538,0.1,0.2846153846153846,1.5000000000000002,0.7692307692307693,0.8076923076923076,0.47692307692307695,0.43076923076923074,0.5307692307692308
x,1.9846153846153847,1.4230769230769231,1.0538461538461539,0.9769230769230769,0.38461538461538464,0.7846153846153847,0.4,0.7000000000000001,3.476923076923077,0.44615384615384607,0.24615384615384614,0.7692307692307693,0.21538461538461537,1.6076923076923075,2.1923076923076925,1.4076923076923078,0.8769230769230768,1.9769230769230774,1.553846153846154,0.6692307692307692
ST,1.9307692307692312,0.723076923076923,-0.38461538461538464,0.4538461538461538,0.5538461538461539,0.21538461538461534,0.05384615384615387,-0.2384615384615385,0.3692307692307692,-0.5923076923076923,-0.7846153846153847,-0.6538461538461539,-0.8692307692307691,-0.8307692307692307,5.869230769230769,0.9230769230769232,-0.4692307692307693,0.5615384615384617,-0.8,-0.1076923076923077
x,0.6230769230769231,0.3384615384615385,-0.1461538461538462,0.3307692307692307,0.25384615384615383,0.3384615384615385,-0.3538461538461538,-2.348548705937831e-17,0.5769230769230769,-0.030769230769230767,-0.1846153846153846,-0.15384615384615383,-0.33076923076923076,-0.2846153846153846,-0.24615384615384617,0.19230769230769235,0.06153846153846153,0.3538461538461538,-0.08461538461538459,0.36153846153846153
VIL,3.776923076923077,2.8384615384615377,3.869230769230769,3.1769230769230767,3.769230769230769,2.1923076923076925,3.646153846153846,2.869230769230769,8.438461538461537,0.11538461538461542,-0.1,3.6769230769230767,0.23076923076923078,6.500000000000001,5.615384615384615,3.4692307692307693,2.207692307692308,10.053846153846155,10.50769230769231,1.0923076923076922
