Motif	G	A	R	N	D	C	E	Q	H	I	L	K	M	F	P	S	T	W	Y	V
N	[]	[]	[]	[]	[]	[]	[]	[]	[]	[]	[]	[3.97681e-06, 3.97681e-06, 7.95361e-06, 7.95361e-06]	[]	[]	[]	[3.97833e-05, 3.97833e-05, 3.97833e-05, 3.97833e-05, 3.97833e-05, 3.97833e-05]	[]	[]	[]	[]
P	[]	[]	[]	[]	[]	[]	[]	[]	[]	[]	[3.9773800000000005e-06, 4.09038e-06]	[]	[]	[]	[]	[7.95482e-06]	[3.98162e-06, 3.9783600000000005e-06, 3.9783600000000005e-06, 3.9783600000000005e-06, 3.9783600000000005e-06, 3.9783600000000005e-06, 3.9783600000000005e-06]	[]	[]	[]
x	[]	[3.97753e-06]	[3.9774400000000005e-06]	[1.59066e-05, 1.59066e-05, 1.59066e-05, 1.59066e-05, 1.59066e-05]	[]	[]	[]	[]	[]	[3.97693e-06, 3.97693e-06, 3.97693e-06, 0.00100612, 0.00100612]	[3.981780000000001e-06]	[]	[1.19453e-05]	[7.95748e-06, 7.95748e-06, 7.95748e-06, 7.95748e-06, 7.95748e-06, 7.95748e-06]	[3.977059999999999e-06]	[]	[]	[3.97855e-06, 3.97855e-06, 3.97855e-06, 3.97855e-06, 3.97855e-06, 3.97855e-06]	[]	[3.97741e-06, 3.98505e-06]
YF	[]	[]	[]	[]	[]	[3.98667e-06, 4.04724e-06, 3.97693e-06, 3.97848e-06]	[]	[]	[7.954439999999999e-06]	[]	[]	[]	[]	[2.78691e-05]	[]	[]	[]	[]	[]	[]
