,Inflammatory response,Laminin EGF-like domain,VLDL,Zinc-finger,Amyloid,Cytoplasmic vesicle,Endoplasmic reticulum,Notch signaling pathway,Oxidation,Proteoglycan,Sulfation,DNA-binding,Phagocytosis,Pyrrolidone carboxylic acid,LDL,Lysosome,Postsynaptic cell membrane,Synapse,Angiogenesis,ANK repeat,Differentiation,Cholesterol metabolism,Lipid metabolism,Lipid transport,Steroid metabolism,Sterol metabolism,Transferase,Ubl conjugation pathway,Apoptosis,Heparin-binding,Protease inhibitor,Secreted,Serine protease inhibitor,Developmental protein,Hearing,Neurogenesis,SH3-binding,Cytoskeleton,Transport,Golgi apparatus,Nucleus,Acetylation,Integrin,Host cell receptor for virus entry,Host-virus interaction,Cell junction,Isopeptide bond,Cell adhesion,Cell projection,Endosome,Coated pit,Ubl conjugation,Cytoplasm,EGF-like domain,Endocytosis,Receptor,Phosphoprotein,Disulfide bond,Glycoprotein,Repeat,Signal,Transmembrane,Transmembrane helix,Cell membrane,Membrane
%,5.555555555555555,5.555555555555555,5.555555555555555,5.555555555555555,5.555555555555555,5.555555555555555,5.555555555555555,5.555555555555555,5.555555555555555,5.555555555555555,5.555555555555555,5.555555555555555,5.555555555555555,5.555555555555555,5.555555555555555,5.555555555555555,5.555555555555555,5.555555555555555,5.555555555555555,5.555555555555555,5.555555555555555,11.11111111111111,11.11111111111111,11.11111111111111,11.11111111111111,11.11111111111111,11.11111111111111,11.11111111111111,11.11111111111111,11.11111111111111,11.11111111111111,11.11111111111111,11.11111111111111,11.11111111111111,11.11111111111111,11.11111111111111,11.11111111111111,16.666666666666664,22.22222222222222,22.22222222222222,22.22222222222222,22.22222222222222,22.22222222222222,22.22222222222222,22.22222222222222,22.22222222222222,27.77777777777778,33.33333333333333,33.33333333333333,33.33333333333333,38.88888888888889,38.88888888888889,38.88888888888889,44.44444444444444,50.0,66.66666666666666,77.77777777777779,83.33333333333334,83.33333333333334,83.33333333333334,83.33333333333334,83.33333333333334,83.33333333333334,83.33333333333334,94.44444444444444
