Motivo,G,A,R,N,D,C,E,Q,H,I,L,K,M,F,P,S,T,W,Y,V
N,2.88,1.6199999999999999,6.459999999999999,0.02,1.6600000000000001,0.5,3.56,3.4200000000000004,10.04,3.9,2.9999999999999996,4.640000000000001,0.96,5.299999999999999,7.220000000000001,2.2,4.22,18.52,6.74,3.5799999999999996
P,2.5800000000000005,2.04,1.6200000000000003,2.1800000000000006,2.22,2.18,1.9200000000000004,1.9600000000000002,2.4200000000000004,2.1199999999999997,1.52,1.56,1.4,1.94,0.02,2.06,2.4799999999999995,1.4200000000000002,2.0,2.34
X,1.5,0.44000000000000006,0.24000000000000005,0.4,1.26,0.27999999999999997,0.9,0.45999999999999996,2.5799999999999996,0.05999999999999996,-0.86,-0.25999999999999995,-1.02,0.9599999999999997,2.28,0.86,0.27999999999999997,0.9799999999999999,1.2999999999999998,0.22000000000000003
Y/F,3.0,2.44,2.6399999999999997,2.4799999999999995,3.38,2.48,2.98,2.7600000000000002,2.7199999999999998,2.68,2.5,2.32,1.18,0.4,5.84,2.6399999999999997,3.08,1.6800000000000002,0.13999999999999999,2.6
