Motif	G	A	R	N	D	C	E	Q	H	I	L	K	M	F	P	S	T	W	Y	V
N												5.224374262767179				4.400299195260144				
P											5.394277025338173					5.099369643030747	5.4002450839704075			
x		5.400386536059678	5.400396362998905	4.798422639903219						3.3927228508988474	5.399922739141727		4.922802938696983	5.0992244442433154	5.4004378569716875			5.400275179619328		5.399982732025179
YF						5.398229997033094			5.099390389678065					4.5548770560927565						
