Motivo	G	A	R	N	D	C	E	Q	H	I	L	K	M	F	P	S	T	W	Y	V
S/T		5.157791960857785	2.6430909152631523	5.391820042293121		5.2940285823626105				5.396234683818082		4.605900450564307	5.399334157805836	5.214220795970343	2.4161338138663653	1.8842683131772133	5.400465157800219			
x	4.700675784222256	4.904522042885801	5.342892494042859	3.9167580529903603	3.713408973704301	3.432982285979455		3.3415091349722337	4.515266154298593		4.856303985681688	4.554863810430707	4.807622138905911			3.719551846449282	4.89425484884852	4.400358148373115	5.399480138779476	5.114853718438281
V/I/L								5.385742046588532		5.379163598304447	4.943880350083253		4.433866576167631	5.217496202348651	5.30245638711906	4.494081187083401	4.963219846414611			4.803389295611427
