Motivo,G,A,R,N,D,C,E,Q,H,I,L,K,M,F,P,S,T,W,Y,V
S/T,1.8733333333333335,0.66,-0.4133333333333333,0.56,0.6,0.22666666666666663,0.02000000000000006,-0.3333333333333333,0.42000000000000004,-0.6133333333333333,-0.76,-0.7133333333333334,-0.88,-0.7666666666666668,6.033333333333333,0.9266666666666665,-0.4133333333333334,0.46,-0.7666666666666665,-0.20666666666666664
x,0.7,0.43333333333333335,0.03999999999999997,0.42,0.34666666666666673,0.4066666666666666,-0.3066666666666666,0.08000000000000002,0.6400000000000001,-0.0066666666666666576,-0.17333333333333334,-0.006666666666666643,-0.2466666666666667,-0.15333333333333332,-0.24000000000000005,0.3,0.12666666666666665,0.36000000000000004,0.019999999999999973,0.4266666666666667
V/I/L,3.813333333333333,2.886666666666667,3.893333333333333,3.146666666666667,3.7866666666666666,2.2933333333333334,3.773333333333333,2.866666666666667,6.826666666666666,0.06666666666666665,-0.08666666666666666,3.3000000000000003,0.10666666666666665,6.193333333333333,5.593333333333333,3.6066666666666665,2.3,9.879999999999999,9.686666666666666,1.0066666666666666
