Motif	G	A	R	N	D	C	E	Q	H	I	L	K	M	F	P	S	T	W	Y	V
x	[]	[]	[]	[]	[7.96724e-06]	[3.18208e-05]	[]	[]	[]	[]	[]	[3.98391e-06, 3.97741e-06]	[1.19325e-05, 2.78399e-05, 2.78399e-05, 2.78399e-05, 2.78399e-05, 2.78399e-05]	[3.9776e-06]	[]	[]	[]	[]	[]	[]
x	[]	[]	[]	[]	[]	[1.19299e-05]	[]	[]	[]	[]	[]	[]	[]	[]	[7.96673e-06]	[]	[3.97839e-06, 3.97839e-06, 3.97839e-06, 3.97839e-06, 3.97839e-06, 3.97839e-06, 3.97817e-06]	[]	[]	[]
x	[]	[]	[]	[]	[]	[3.97842e-06, 3.97842e-06, 3.97842e-06, 3.97842e-06, 3.97842e-06, 3.97842e-06]	[3.98413e-06]	[]	[]	[8.10209e-06, 8.10209e-06]	[]	[3.97769e-06]	[]	[]	[]	[1.98878e-05]	[]	[]	[]	[]
N	[]	[]	[]	[]	[]	[]	[]	[]	[]	[]	[]	[3.97681e-06, 3.97681e-06, 7.95361e-06, 7.95361e-06]	[]	[]	[]	[3.97833e-05, 3.97833e-05, 3.97833e-05, 3.97833e-05, 3.97833e-05, 3.97833e-05]	[]	[]	[]	[]
P	[]	[]	[]	[]	[]	[]	[]	[]	[]	[]	[3.9773800000000005e-06, 4.09038e-06]	[]	[]	[]	[]	[7.95482e-06]	[3.98162e-06, 3.9783600000000005e-06, 3.9783600000000005e-06, 3.9783600000000005e-06, 3.9783600000000005e-06, 3.9783600000000005e-06, 3.9783600000000005e-06]	[]	[]	[]
x	[]	[3.97753e-06]	[3.9774400000000005e-06]	[1.59066e-05, 1.59066e-05, 1.59066e-05, 1.59066e-05, 1.59066e-05]	[]	[]	[]	[]	[]	[3.97693e-06, 3.97693e-06, 3.97693e-06, 0.00100612, 0.00100612]	[3.981780000000001e-06]	[]	[1.19453e-05]	[7.95748e-06, 7.95748e-06, 7.95748e-06, 7.95748e-06, 7.95748e-06, 7.95748e-06]	[3.977059999999999e-06]	[]	[]	[3.97855e-06, 3.97855e-06, 3.97855e-06, 3.97855e-06, 3.97855e-06, 3.97855e-06]	[]	[3.97741e-06, 3.98505e-06]
YF	[]	[]	[]	[]	[]	[3.98667e-06, 4.04724e-06, 3.97693e-06, 3.97848e-06]	[]	[]	[7.954439999999999e-06]	[]	[]	[]	[]	[2.78691e-05]	[]	[]	[]	[]	[]	[]
x	[]	[]	[]	[]	[]	[]	[4.0619e-06]	[]	[]	[]	[]	[]	[]	[]	[]	[]	[3.97668e-06, 3.97668e-06, 3.97668e-06, 3.97668e-06, 3.97668e-06]	[3.97776e-06]	[]	[]
x	[]	[]	[]	[]	[7.95336e-06, 7.95336e-06, 7.95336e-06, 7.95336e-06, 7.95336e-06]	[3.99074e-06]	[]	[5.16964e-05, 5.16964e-05, 5.16964e-05, 5.16964e-05, 5.16964e-05]	[7.954439999999999e-06]	[]	[3.98026e-06]	[2.38599e-05, 2.38599e-05, 2.38599e-05, 2.38599e-05, 2.38599e-05]	[]	[]	[]	[]	[]	[]	[]	[]
x	[]	[]	[]	[5.17178e-05]	[3.97693e-06]	[]	[4.06029e-06]	[]	[3.978959999999999e-06, 3.978959999999999e-06, 3.978959999999999e-06, 3.978959999999999e-06, 3.978959999999999e-06, 3.978959999999999e-06]	[]	[3.97788e-06]	[]	[]	[]	[]	[3.97709e-06]	[3.97709e-06, 3.97662e-06, 3.97662e-06, 3.97662e-06, 3.97662e-06, 3.97662e-06]	[]	[]	[]
