Motif	G	A	R	N	D	C	E	Q	H	I	L	K	M	F	P	S	T	W	Y	V
x					5.098692100230473	4.4972889060465056						5.400044915214122	4.598794820776395	5.400378893038449						
x						4.9233631967010085									5.098719901234974		5.400296076270715			
x						5.400289370519295	5.399666499223857			5.091402936876168		5.400369066494509				4.701413256126663				
N												5.224374262767179				4.400299195260144				
P											5.394277025338173					5.099369643030747	5.4002450839704075			
x		5.400386536059678	5.400396362998905	4.798422639903219						3.3927228508988474	5.399922739141727		4.922802938696983	5.0992244442433154	5.4004378569716875			5.400275179619328		5.399982732025179
YF						5.398229997033094			5.099390389678065					4.5548770560927565						
x							5.391270772704423										5.400479354909325	5.400361423780713		
x					5.099449359245344	5.39894656593773		4.286539698967396	5.099390389678065		5.400088557856657	4.6223313808475375								
x				4.286359957654397	5.400452053188342		5.391442946496226		5.40023042674117		5.400348322298536					5.400434580987589	5.400477352724802			
