,Ion transport,Sodium transport,Symport,Neurogenesis,Ubl conjugation,Apoptosis,Lysosome,Differentiation,Spermatogenesis,Sarcoplasmic reticulum,Mitochondrion,Centromere,Chromosome,Dynein,Kinetochore,Microtubule,Motor protein,WD repeat,Endosome,Lipoprotein,Palmitate,Protein transport,Cell adhesion,Endoplasmic reticulum,Postsynaptic cell membrane,Signal,Actin-binding,Glycoprotein,Cell projection,Synapse,Cell membrane,Disulfide bond,Cell junction,Cytoskeleton,Coiled coil,Acetylation,Golgi apparatus,Nucleus,Transmembrane,Transmembrane helix,Transport,Repeat,Membrane,Cytoplasm,Phosphoprotein
%,7.6923076923076925,7.6923076923076925,7.6923076923076925,7.6923076923076925,7.6923076923076925,7.6923076923076925,7.6923076923076925,7.6923076923076925,7.6923076923076925,7.6923076923076925,15.384615384615385,15.384615384615385,15.384615384615385,15.384615384615385,15.384615384615385,15.384615384615385,15.384615384615385,15.384615384615385,15.384615384615385,15.384615384615385,15.384615384615385,15.384615384615385,15.384615384615385,15.384615384615385,15.384615384615385,15.384615384615385,15.384615384615385,23.076923076923077,23.076923076923077,23.076923076923077,23.076923076923077,23.076923076923077,30.76923076923077,30.76923076923077,30.76923076923077,38.46153846153847,38.46153846153847,38.46153846153847,46.15384615384615,46.15384615384615,46.15384615384615,46.15384615384615,53.84615384615385,53.84615384615385,61.53846153846154
