Motif	G	A	R	N	D	C	E	Q	H	I	L	K	M	F	P	S	T	W	Y	V
LM			4.923406883537514							3.7979778323709708				5.397175238403682						4.923393777025126
x	5.364487100135873											5.397299083176087								5.3967585266682025
W			5.399345050214207																	
DE	5.395280514452191			5.386835684407012					4.700268312054229										5.364281074029329	
