Motivo,G,A,R,N,D,C,E,Q,H,I,L,K,M,F,P,S,T,W,Y,V
L/M,4.1,2.85,5.3,2.45,4.75,2.45,3.2,2.85,3.15,2.8499999999999996,0.05,3.2,-0.2,3.15,0.85,4.2,4.55,5.3,5.4,2.35
x,0.2,0.25,0.35,0.25,-0.04999999999999999,0.3,-0.09999999999999999,-0.2,0.44999999999999996,-0.25,-0.35,0.0,-0.75,-0.15,1.2,0.45,0.05,-0.2,-0.1,0.2
W,4.1,3.75,4.25,3.2,3.75,3.5999999999999996,3.25,3.2,3.95,2.8,2.7,4.15,1.55,0.65,2.7,4.2,3.75,0.0,1.35,3.3
D/E,3.7,2.3499999999999996,2.8,1.65,0.0,2.0,1.6,2.85,1.6,2.75,1.95,2.45,1.75,0.9,7.15,2.5999999999999996,2.9,2.3,0.9000000000000001,2.65
