,UniProtID,PosRel
0,O94985,0.9184505606523955
1,O94985,0.9908256880733946
3,Q8NF91,0.9415709901102649
5,Q8WXH0,0.9320261437908497
7,Q8N205,0.6113861386138614
8,Q92911,0.8755832037325039
9,Q86WG3,0.31266846361185985
11,Q63HQ0,0.8543046357615894
12,Q8IWE5,0.2011776251226693
