,UniProtID,Start,RelPos
0,Q92911,563,0.8755832037325039
1,Q86WG3,116,0.31266846361185985
2,O14576,81,0.12558139534883722
3,O14576,124,0.19224806201550387
4,Q63HQ0,208,0.6887417218543046
5,Q63HQ0,258,0.8543046357615894
6,O94985,901,0.9184505606523955
7,O94985,972,0.9908256880733946
8,Q8WUY3,1136,0.36787564766839376
9,Q8IWE5,205,0.2011776251226693
10,Q8NF91,8283,0.9415709901102649
11,Q8WXH0,6417,0.9320261437908497
12,Q8N205,247,0.6113861386138614
